{"last_download_success": 1671990544.3118234, "unseen_downloads": [], "last_download_failure": 1672036889.0397637}